event,model,n_genes,n_pos,weighted_auroc
mut,prevalence,10,83,0.5000
mut,burden,10,83,0.7178
mut,burden+locus,10,83,0.7172
mut,logistic,10,83,0.6695
mut,logistic+clinical,10,83,0.6733
mut,mlp,10,83,0.5098
amp,prevalence,10,134,0.5000
amp,burden,10,134,0.8878
amp,burden+locus,10,134,0.9643
amp,logistic,10,134,0.9747
amp,logistic+clinical,10,134,0.9728
amp,mlp,10,134,0.8915
dele,prevalence,3,18,0.5000
dele,burden,3,18,0.8183
dele,burden+locus,3,18,0.8262
dele,logistic,3,18,0.8315
dele,logistic+clinical,3,18,0.8654
dele,mlp,3,18,0.8074
