repeat,fold,model,n_test,pooled_auroc,macro_auroc
0,0,prevalence,243,0.7060436046376062,0.5
0,0,burden,243,0.7438429068514817,0.7298442642609468
0,0,burden+locus,243,0.7476787652236827,0.7387836036173551
0,0,logistic,243,0.7602849171204097,0.6933759951229032
0,0,logistic+clinical,243,0.7615698655525895,0.7070746177101451
0,0,mlp,243,0.7292294706378875,0.6088356290001388
0,0,cfm_velocity_mc100,243,0.5789877704221026,0.5555633878768151
0,0,cfm_velocity_t0,243,0.6412019256072319,0.6443697718587609
0,0,cfm_x1_t0,243,0.7149669594206124,0.56249296498949
0,0,pan_logistic,243,0.7892089980699958,0.744775191288522
0,0,pan_mlp,243,0.7833009001134552,0.6986683529385348
0,0,pan_cfm_velocity_t0,243,0.6536478545108602,0.608018223752051
0,0,pan_cfm_velocity_mc100,243,0.6912844354521187,0.6501236728448451
0,1,prevalence,243,0.7408674133432942,0.5
0,1,burden,243,0.7849833628722602,0.7439311397727407
0,1,burden+locus,243,0.792324807575454,0.7586877674172324
0,1,logistic,243,0.7975701557619066,0.7336339018879235
0,1,logistic+clinical,243,0.7933944993395083,0.7315972537302822
0,1,mlp,243,0.7846777598144786,0.7439276203785992
0,1,cfm_velocity_mc100,243,0.624677130774763,0.6128955731985138
0,1,cfm_velocity_t0,243,0.6504800805170837,0.634207362986695
0,1,cfm_x1_t0,243,0.7555350631277022,0.6861608018751947
0,1,pan_logistic,243,0.8392333367703544,0.7983711075590997
0,1,pan_mlp,243,0.8264688563733721,0.7756537900047978
0,1,pan_cfm_velocity_t0,243,0.7348707842179772,0.7093539603753187
0,1,pan_cfm_velocity_mc100,243,0.6591676377872588,0.6348509582283637
0,2,prevalence,243,0.6763775040934729,0.5
0,2,burden,243,0.7185758063130445,0.770989680652306
0,2,burden+locus,243,0.7250672453961067,0.786473133278536
0,2,logistic,243,0.7644975578139844,0.7653318604278853
0,2,logistic+clinical,243,0.7693081778487538,0.7709139517380658
0,2,mlp,243,0.7346848531403505,0.6919177484864861
0,2,cfm_velocity_mc100,243,0.5860780551961835,0.558245231847139
0,2,cfm_velocity_t0,243,0.6258837605369019,0.614151938949669
0,2,cfm_x1_t0,243,0.6859718965412682,0.6498198924923694
0,2,pan_logistic,243,0.810688733095474,0.7914746638528647
0,2,pan_mlp,243,0.8229134028381411,0.7900879957377931
0,2,pan_cfm_velocity_t0,243,0.6583346388647436,0.60042910789522
0,2,pan_cfm_velocity_mc100,243,0.7072506898259515,0.6439655010482906
0,3,prevalence,243,0.7361060939344485,0.5
0,3,burden,243,0.7694587254794449,0.7645741213817612
0,3,burden+locus,243,0.7774052882475504,0.7825792368950923
0,3,logistic,243,0.7908713545731924,0.780782243666579
0,3,logistic+clinical,243,0.7900950181585958,0.7905992761849986
0,3,mlp,243,0.7756184566161151,0.7161208522195004
0,3,cfm_velocity_mc100,243,0.620689026789573,0.5810881393800453
0,3,cfm_velocity_t0,243,0.670113467033924,0.6080204264270759
0,3,cfm_x1_t0,243,0.7543748347019475,0.6848181744366098
0,3,pan_logistic,243,0.8037647639382544,0.7874508977894664
0,3,pan_mlp,243,0.7857314721041394,0.75034099980312
0,3,pan_cfm_velocity_t0,243,0.6607677570425033,0.6306627403534476
0,3,pan_cfm_velocity_mc100,243,0.6694246982705793,0.6174633028910688
0,4,prevalence,243,0.7089566176599333,0.5
0,4,burden,243,0.7467119704960918,0.7450255158299369
0,4,burden+locus,243,0.7494137609247014,0.7548329185298579
0,4,logistic,243,0.7644145747853645,0.6880117801829829
0,4,logistic+clinical,243,0.7672155848804791,0.6850535196549224
0,4,mlp,243,0.7240770787654998,0.6104528184468017
0,4,cfm_velocity_mc100,243,0.5715396492811763,0.5654360792756431
0,4,cfm_velocity_t0,243,0.6196718876963073,0.617485090104709
0,4,cfm_x1_t0,243,0.7169224004933745,0.587003476298595
0,4,pan_logistic,243,0.798946423325571,0.7594746030027888
0,4,pan_mlp,243,0.779430141897093,0.730000108357635
0,4,pan_cfm_velocity_t0,243,0.6726568108464605,0.6126454907715314
0,4,pan_cfm_velocity_mc100,243,0.6717257347929648,0.6355875759455228
1,0,prevalence,243,0.7147538104671611,0.5
1,0,burden,243,0.7572678091329924,0.7433073722639894
1,0,burden+locus,243,0.7614669351007702,0.7506082062198253
1,0,logistic,243,0.7931615001313954,0.7133353383583949
1,0,logistic+clinical,243,0.7874186359134002,0.7047780864086186
1,0,mlp,243,0.7503389117427076,0.6565589054526542
1,1,prevalence,243,0.7305194420061208,0.5
1,1,burden,243,0.7751107789718974,0.7443267618201043
1,1,burden+locus,243,0.7808942189324624,0.7596854375684755
1,1,logistic,243,0.7904732061187424,0.7221249768727819
1,1,logistic+clinical,243,0.7869679512018959,0.7164596203813559
1,1,mlp,243,0.7534920747893157,0.7004471190429222
1,2,prevalence,243,0.7161780933796347,0.5
1,2,burden,243,0.7554786986064612,0.6997175815562069
1,2,burden+locus,243,0.7600168607313289,0.7068496994968871
1,2,logistic,243,0.7547035483041942,0.6791102179965419
1,2,logistic+clinical,243,0.7593063062875842,0.6948207118730928
1,2,mlp,243,0.7443661327896891,0.6885446536222029
1,3,prevalence,243,0.6905538236258766,0.5
1,3,burden,243,0.7261210149512833,0.7037843208826489
1,3,burden+locus,243,0.7326090701580602,0.7185709866549667
1,3,logistic,243,0.7604955490695617,0.7094973516436112
1,3,logistic+clinical,243,0.7583555576169383,0.7038027232632251
1,3,mlp,243,0.7158984518646865,0.6348292400804625
1,4,prevalence,243,0.7194816392503257,0.5
1,4,burden,243,0.75990414942071,0.737569561191293
1,4,burden+locus,243,0.7677664136158516,0.7586148623219015
1,4,logistic,243,0.7858158801549419,0.7311117484959269
1,4,logistic+clinical,243,0.784118613740425,0.7347682924578879
1,4,mlp,243,0.7612658066662943,0.7202417459117578
2,0,prevalence,243,0.7098541168886677,0.5
2,0,burden,243,0.7504260179235831,0.7341800248325069
2,0,burden+locus,243,0.7541105824814143,0.7450306308581444
2,0,logistic,243,0.7717004631543545,0.7279140373360694
2,0,logistic+clinical,243,0.7632685664637009,0.7178684425261848
2,0,mlp,243,0.7372017699363076,0.63300299308114
2,1,prevalence,243,0.730339787906024,0.5
2,1,burden,243,0.7757072677779576,0.7499536492701763
2,1,burden+locus,243,0.7825181638570571,0.7700081386856353
2,1,logistic,243,0.8080561032388458,0.7832462576545194
2,1,logistic+clinical,243,0.8081859781187073,0.7887314386158365
2,1,mlp,243,0.7487725384561721,0.675599115599602
2,2,prevalence,243,0.6967036693012999,0.5
2,2,burden,243,0.7328726999196504,0.6660661953627095
2,2,burden+locus,243,0.7390523583481021,0.6767948215154619
2,2,logistic,243,0.7628907073619666,0.6747129775119687
2,2,logistic+clinical,243,0.7662061282289452,0.6838588548457013
2,2,mlp,243,0.7252505940746397,0.6608874101041756
2,3,prevalence,243,0.7387653258024521,0.5
2,3,burden,243,0.7843818019010883,0.7641740619603657
2,3,burden+locus,243,0.7901100358176056,0.7768945580964818
2,3,logistic,243,0.795412419065987,0.7533898958721718
2,3,logistic+clinical,243,0.7974368025898884,0.752454808159162
2,3,mlp,243,0.7844773729163796,0.7389016104011693
2,4,prevalence,243,0.7084101827528442,0.5
2,4,burden,243,0.7446442823098804,0.7186615519896086
2,4,burden+locus,243,0.7489327131883246,0.7341420240159293
2,4,logistic,243,0.7754004308336563,0.6879583460949461
2,4,logistic+clinical,243,0.7734610262251171,0.6851446286486903
2,4,mlp,243,0.7493857230211105,0.6215528878751938
