pair,observed,cfm,indep_lr,indep_prev
EPHA7/MGA,10,4.81,3.43,2.78
INHBA/ZFHX3,10,2.02,3.86,2.16
EPHA7/INHBA,8,1.78,3.75,2.06
EPHA7/ZFHX3,8,2.57,5.76,3.21
MGA/ZFHX3,7,3.26,3.69,3.00
GLI1/NFKBIA,6,1.33,3.38,2.09
PGR/ZFHX3,5,1.07,2.96,1.63
CEBPA/NFKBIA,5,0.92,1.49,0.92
RAD21/ELOC,5,0.68,0.28,0.20
INHA/ZFHX3,5,0.49,1.10,0.88
H3C14/H3C13,5,0.44,0.04,0.02
EPHA7/PGR,5,1.67,2.77,1.49
GLI1/ZFHX3,5,1.80,4.95,3.15
NEGR1/PGR,5,0.94,0.73,0.57
EPHA7/GLI1,4,1.75,4.27,3.01
EPHA7/FYN,4,1.37,0.80,0.68
GLI1/INHBA,4,1.32,3.10,1.90
INHBA/MGA,4,2.09,2.38,1.82
NFKBIA/RAD21,4,1.35,1.49,0.90
PGR/PPM1D,4,0.60,0.36,0.24
NFKBIA/ZFHX3,4,1.55,3.46,2.66
