model,n_repeats,pooled_auroc,pooled_auroc_ci_lo,pooled_auroc_ci_hi,single_split_pooled_auroc_min,single_split_pooled_auroc_max,single_split_pooled_auroc_sd,macro_auroc,macro_auroc_ci_lo,macro_auroc_ci_hi,n_genes_macro,pooled_auprc,pooled_prevalence,macro_auprc_lift,brier_skill_vs_prevalence,predicted_over_observed,patient_any_auroc,delta_macro_vs_logistic,delta_macro_vs_logistic_ci_lo,delta_macro_vs_logistic_ci_hi,delta_pooled_vs_logistic,delta_pooled_vs_logistic_ci_lo,delta_pooled_vs_logistic_ci_hi
prevalence,3,0.7146,0.6910,0.7347,0.6764,0.7409,0.0185,0.5000,0.5000,0.5000,30,0.0311,0.0111,1.0000,0.0000,1.0452,0.5000,-0.2292,-0.2531,-0.2053,-0.0625,-0.0743,-0.0507
burden,3,0.7547,0.7298,0.7747,0.7186,0.7850,0.0204,0.7451,0.7242,0.7706,30,0.0710,0.0111,8.6350,0.0167,0.9991,0.7820,0.0195,0.0073,0.0373,-0.0234,-0.0315,-0.0150
burden+locus,3,0.7603,0.7348,0.7794,0.7251,0.7923,0.0208,0.7599,0.7358,0.7848,30,0.1131,0.0111,13.0084,0.0319,0.9983,0.7889,0.0337,0.0199,0.0496,-0.0177,-0.0250,-0.0095
logistic,3,0.7783,0.7543,0.7956,0.7547,0.8081,0.0169,0.7278,0.7053,0.7531,30,0.1140,0.0111,13.4021,0.0421,0.9269,0.7919,0.0000,0.0000,0.0000,0.0000,0.0000,0.0000
logistic+clinical,3,0.7777,0.7549,0.7963,0.7584,0.8082,0.0157,0.7214,0.7002,0.7484,30,0.1154,0.0111,12.9562,0.0425,0.9237,0.7927,-0.0034,-0.0118,0.0034,0.0007,-0.0018,0.0035
mlp,3,0.7478,0.7284,0.7701,0.7159,0.7847,0.0214,0.6797,0.6497,0.7081,30,0.0849,0.0111,9.6518,0.0227,1.0016,0.7115,-0.0490,-0.0748,-0.0232,-0.0260,-0.0345,-0.0170
cfm_velocity_mc100,1,0.5965,0.5776,0.6157,0.5715,0.6247,0.0246,0.5759,0.5584,0.5910,30,0.0486,0.0111,6.1309,-0.0449,0.3146,0.7038,-0.1525,-0.1758,-0.1243,-0.1792,-0.2023,-0.1575
cfm_velocity_t0,1,0.6414,0.6228,0.6622,0.6197,0.6701,0.0201,0.6171,0.5913,0.6452,30,0.0597,0.0111,8.3015,-0.2121,3.2345,0.7265,-0.1111,-0.1439,-0.0788,-0.1335,-0.1584,-0.1121
cfm_x1_t0,1,0.7254,0.7056,0.7471,0.6860,0.7555,0.0295,0.6416,0.6128,0.6665,30,0.0455,0.0111,6.3615,0.0024,0.9637,0.6897,-0.0889,-0.1113,-0.0651,-0.0507,-0.0617,-0.0407
pan_logistic,1,0.8085,0.7912,0.8287,0.7892,0.8392,0.0189,0.7673,0.7411,0.7902,30,0.1122,0.0111,12.0406,0.0365,1.0084,0.7883,0.0387,0.0238,0.0571,0.0331,0.0204,0.0441
pan_mlp,1,0.7998,0.7806,0.8187,0.7794,0.8265,0.0231,0.7432,0.7173,0.7700,30,0.1375,0.0111,12.5446,0.0534,1.0342,0.7620,0.0130,-0.0055,0.0340,0.0228,0.0052,0.0405
pan_cfm_velocity_t0,1,0.6761,0.6551,0.7011,0.6536,0.7349,0.0336,0.6373,0.6093,0.6647,30,0.1287,0.0111,10.3783,0.0075,1.6047,0.7333,-0.0905,-0.1157,-0.0610,-0.0993,-0.1230,-0.0748
pan_cfm_velocity_mc100,1,0.6798,0.6622,0.7000,0.6592,0.7073,0.0193,0.6253,0.6067,0.6506,30,0.1207,0.0111,8.9351,0.0371,0.3711,0.7182,-0.1029,-0.1305,-0.0758,-0.0958,-0.1183,-0.0712
