model,sensitivity,specificity,ppv,triage_fraction,patients_with_hidden_alteration_captured
prevalence,0.5000,0.7890,0.0272,,
prevalence,0.8000,0.3676,0.0148,,
prevalence,0.9000,0.2103,0.0131,,
prevalence,,,,0.1000,0.1011
prevalence,,,,0.2500,0.2500
prevalence,,,,0.5000,0.5248
burden,0.5000,0.8634,0.0395,,
burden,0.8000,0.4969,0.0175,,
burden,0.9000,0.2997,0.0142,,
burden,,,,0.1000,0.1985
burden,,,,0.2500,0.4408
burden,,,,0.5000,0.7481
burden+locus,0.5000,0.8696,0.0414,,
burden+locus,0.8000,0.4983,0.0176,,
burden+locus,0.9000,0.3053,0.0143,,
burden+locus,,,,0.1000,0.2004
burden+locus,,,,0.2500,0.4523
burden+locus,,,,0.5000,0.7557
logistic,0.5000,0.8967,0.0516,,
logistic,0.8000,0.5468,0.0195,,
logistic,0.9000,0.3367,0.0150,,
logistic,,,,0.1000,0.2080
logistic,,,,0.2500,0.4542
logistic,,,,0.5000,0.7405
logistic+clinical,0.5000,0.8995,0.0530,,
logistic+clinical,0.8000,0.5730,0.0206,,
logistic+clinical,0.9000,0.3415,0.0151,,
logistic+clinical,,,,0.1000,0.2080
logistic+clinical,,,,0.2500,0.4466
logistic+clinical,,,,0.5000,0.7443
mlp,0.5000,0.8654,0.0401,,
mlp,0.8000,0.5213,0.0184,,
mlp,0.9000,0.2938,0.0141,,
mlp,,,,0.1000,0.2099
mlp,,,,0.2500,0.4256
mlp,,,,0.5000,0.6565
cfm_velocity_mc100,0.5000,0.0000,0.0111,,
cfm_velocity_mc100,0.8000,0.0000,0.0111,,
cfm_velocity_mc100,0.9000,0.0000,0.0111,,
cfm_velocity_mc100,,,,0.1000,0.1927
cfm_velocity_mc100,,,,0.2500,0.3836
cfm_velocity_mc100,,,,0.5000,0.6718
cfm_velocity_t0,0.5000,0.7151,0.0193,,
cfm_velocity_t0,0.8000,0.0000,0.0111,,
cfm_velocity_t0,0.9000,0.0000,0.0111,,
cfm_velocity_t0,,,,0.1000,0.1966
cfm_velocity_t0,,,,0.2500,0.4237
cfm_velocity_t0,,,,0.5000,0.6889
cfm_x1_t0,0.5000,0.8195,0.0303,,
cfm_x1_t0,0.8000,0.4742,0.0168,,
cfm_x1_t0,0.9000,0.2955,0.0141,,
cfm_x1_t0,,,,0.1000,0.1851
cfm_x1_t0,,,,0.2500,0.3912
cfm_x1_t0,,,,0.5000,0.6641
pan_logistic,0.5000,0.9228,0.0679,,
pan_logistic,0.8000,0.6520,0.0252,,
pan_logistic,0.9000,0.4298,0.0174,,
pan_logistic,,,,0.1000,0.2023
pan_logistic,,,,0.2500,0.4408
pan_logistic,,,,0.5000,0.7424
pan_mlp,0.5000,0.9106,0.0592,,
pan_mlp,0.8000,0.6086,0.0224,,
pan_mlp,0.9000,0.3890,0.0163,,
pan_mlp,,,,0.1000,0.2156
pan_mlp,,,,0.2500,0.4389
pan_mlp,,,,0.5000,0.6985
pan_cfm_velocity_t0,0.5000,0.7759,0.0245,,
pan_cfm_velocity_t0,0.8000,0.0000,0.0111,,
pan_cfm_velocity_t0,0.9000,0.0000,0.0111,,
pan_cfm_velocity_t0,,,,0.1000,0.1985
pan_cfm_velocity_t0,,,,0.2500,0.4141
pan_cfm_velocity_t0,,,,0.5000,0.6927
pan_cfm_velocity_mc100,0.5000,0.0000,0.0111,,
pan_cfm_velocity_mc100,0.8000,0.0000,0.0111,,
pan_cfm_velocity_mc100,0.9000,0.0000,0.0111,,
pan_cfm_velocity_mc100,,,,0.1000,0.2023
pan_cfm_velocity_mc100,,,,0.2500,0.4179
pan_cfm_velocity_mc100,,,,0.5000,0.6851
