,n_pos,prevalence_rate,n_mut,n_amp,n_dele,chrom,burden,burden+locus,cfm_velocity_mc100,cfm_velocity_t0,cfm_x1_t0,logistic,logistic+clinical,mlp,pan_cfm_velocity_mc100,pan_cfm_velocity_t0,pan_logistic,pan_mlp,prevalence
ZFHX3,68,0.0560,65,1,2,16,0.7423,0.7424,0.5961,0.6202,0.6440,0.7101,0.7044,0.6870,0.6552,0.6547,0.7331,0.6843,0.5000
EPHA7,62,0.0510,55,0,8,6,0.7680,0.7687,0.5790,0.5859,0.5651,0.7289,0.7403,0.6461,0.6051,0.6094,0.7542,0.7190,0.5000
MGA,53,0.0436,52,0,1,15,0.6775,0.6775,0.5224,0.5968,0.6335,0.6882,0.6895,0.6784,0.5916,0.5940,0.6828,0.6837,0.5000
GLI1,53,0.0436,34,20,0,12,0.7929,0.8619,0.7344,0.7726,0.7562,0.8473,0.8399,0.7341,0.7609,0.7453,0.8720,0.8451,0.5000
NFKBIA,48,0.0395,9,39,0,14,0.8253,0.9185,0.8784,0.8852,0.8197,0.9049,0.9116,0.8484,0.8915,0.9355,0.9194,0.9176,0.5000
INHBA,39,0.0321,34,5,0,7,0.7991,0.8028,0.6116,0.6154,0.7437,0.8034,0.8057,0.7504,0.6477,0.6742,0.8070,0.7713,0.5000
PGR,30,0.0247,29,1,0,11,0.8261,0.8249,0.4984,0.5462,0.7005,0.8105,0.8074,0.8071,0.7078,0.6225,0.8212,0.8094,0.5000
MST1R,24,0.0198,23,0,1,3,0.6546,0.6544,0.4835,0.5490,0.5260,0.6518,0.6558,0.5422,0.5393,0.5334,0.6351,0.6420,0.5000
CEBPA,24,0.0198,7,17,0,19,0.8768,0.9099,0.6468,0.6747,0.7392,0.8804,0.8802,0.8518,0.7448,0.7924,0.8817,0.8710,0.5000
EIF4A2,24,0.0198,12,9,3,3,0.7667,0.7753,0.6337,0.7254,0.6970,0.7779,0.7795,0.7682,0.6470,0.7138,0.8050,0.7989,0.5000
POLD1,19,0.0156,16,1,2,19,0.6816,0.6815,0.5286,0.6070,0.3850,0.6267,0.6485,0.6521,0.6112,0.5979,0.6715,0.6719,0.5000
NEGR1,19,0.0156,16,0,3,1,0.7469,0.7469,0.5274,0.5805,0.5976,0.7045,0.7268,0.6371,0.7027,0.6389,0.7573,0.6970,0.5000
PLCG2,19,0.0156,19,0,0,16,0.7651,0.7651,0.4730,0.5843,0.5632,0.6872,0.6707,0.5919,0.5062,0.4662,0.6805,0.5595,0.5000
RAD21,19,0.0156,6,13,0,8,0.8071,0.8283,0.6729,0.6920,0.7758,0.7715,0.7602,0.7530,0.6713,0.6759,0.8549,0.8357,0.5000
ANKRD11,17,0.0140,15,0,2,16,0.7279,0.7281,0.5670,0.6148,0.6937,0.7450,0.6945,0.7262,0.5956,0.5652,0.7614,0.7189,0.5000
NUP93,17,0.0140,16,0,1,16,0.7275,0.7275,0.4995,0.5959,0.4071,0.6501,0.6216,0.5825,0.5469,0.5273,0.7160,0.6783,0.5000
FOXO1,15,0.0123,14,0,1,13,0.6958,0.6953,0.5292,0.6577,0.7181,0.6755,0.6640,0.6196,0.6130,0.6123,0.7404,0.6791,0.5000
TCF3,15,0.0123,15,0,0,19,0.7848,0.7843,0.4918,0.6249,0.6876,0.7225,0.6997,0.7049,0.4836,0.5953,0.7840,0.6957,0.5000
FYN,15,0.0123,9,1,5,6,0.6182,0.6296,0.6423,0.6140,0.5767,0.5263,0.5312,0.5606,0.6149,0.7005,0.6810,0.7090,0.5000
INHA,14,0.0115,14,0,0,2,0.7490,0.7484,0.5369,0.4119,0.6242,0.6573,0.6516,0.6483,0.5192,0.6173,0.7543,0.7356,0.5000
MALT1,14,0.0115,11,0,3,18,0.5541,0.5597,0.4893,0.5283,0.4297,0.4855,0.5299,0.3738,0.6349,0.5878,0.6957,0.7094,0.5000
ELOC,13,0.0107,0,13,0,8,0.8561,0.8900,0.7495,0.7564,0.8932,0.9475,0.9478,0.8876,0.7281,0.8509,0.9591,0.9479,0.5000
HLA-A,13,0.0107,11,1,1,6,0.7408,0.7562,0.5740,0.5892,0.5131,0.7322,0.7119,0.4816,0.5109,0.6108,0.7611,0.7348,0.5000
CSF3R,12,0.0099,12,1,0,1,0.7666,0.7663,0.4600,0.5708,0.5416,0.7636,0.7478,0.6997,0.4977,0.5617,0.8407,0.7215,0.5000
BIRC3,12,0.0099,9,3,0,11,0.7310,0.7713,0.5950,0.5935,0.5747,0.7540,0.7406,0.6541,0.7241,0.6225,0.7915,0.7550,0.5000
VEGFA,11,0.0091,3,8,0,6,0.6835,0.7980,0.7527,0.7811,0.6975,0.7747,0.7481,0.6447,0.8450,0.7532,0.7748,0.8017,0.5000
H3C8,11,0.0091,8,1,2,6,0.6279,0.6257,0.5112,0.4981,0.6964,0.5920,0.5555,0.6319,0.6558,0.4665,0.6540,0.6737,0.5000
STAT5B,11,0.0091,10,1,0,17,0.7915,0.7900,0.4620,0.4533,0.6210,0.7284,0.7179,0.6809,0.5112,0.6229,0.7613,0.7738,0.5000
PPM1D,11,0.0091,11,0,0,17,0.7605,0.7603,0.5603,0.8209,0.6062,0.7573,0.7355,0.6998,0.4983,0.5784,0.7434,0.7033,0.5000
HOXB13,10,0.0082,10,0,0,17,0.8075,0.8076,0.4689,0.3675,0.8194,0.7276,0.7249,0.8475,0.4965,0.5907,0.7251,0.7508,0.5000
NCOA3,9,0.0074,6,2,1,20,,,,,,,,,,,,,
STAT5A,9,0.0074,8,1,0,17,,,,,,,,,,,,,
STAT3,9,0.0074,8,1,0,17,,,,,,,,,,,,,
ERRFI1,9,0.0074,9,0,0,1,,,,,,,,,,,,,
SRSF2,9,0.0074,9,0,0,17,,,,,,,,,,,,,
CXCR4,9,0.0074,4,0,5,2,,,,,,,,,,,,,
GPS2,8,0.0066,8,0,0,17,,,,,,,,,,,,,
RHEB,8,0.0066,5,3,0,7,,,,,,,,,,,,,
TCF7L2,8,0.0066,8,0,0,10,,,,,,,,,,,,,
SH2B3,8,0.0066,6,1,1,12,,,,,,,,,,,,,
H3C12,8,0.0066,6,0,2,6,,,,,,,,,,,,,
XRCC2,7,0.0058,5,2,0,7,,,,,,,,,,,,,
MST1,7,0.0058,7,0,0,3,,,,,,,,,,,,,
ACVR1,7,0.0058,7,0,0,2,,,,,,,,,,,,,
H3C1,7,0.0058,6,1,0,6,,,,,,,,,,,,,
ID3,7,0.0058,4,0,3,1,,,,,,,,,,,,,
H3C6,6,0.0049,4,1,1,6,,,,,,,,,,,,,
H3C10,6,0.0049,4,0,2,6,,,,,,,,,,,,,
H3-4,6,0.0049,4,2,0,1,,,,,,,,,,,,,
DNAJB1,6,0.0049,6,0,0,19,,,,,,,,,,,,,
H3C4,5,0.0041,3,1,1,6,,,,,,,,,,,,,
CENPA,5,0.0041,4,0,1,2,,,,,,,,,,,,,
CD79A,5,0.0041,2,2,1,19,,,,,,,,,,,,,
H3C11,5,0.0041,3,0,2,6,,,,,,,,,,,,,
H3C13,5,0.0041,0,5,0,1,,,,,,,,,,,,,
H3C14,5,0.0041,0,5,0,,,,,,,,,,,,,,
H3-3B,4,0.0033,4,0,0,17,,,,,,,,,,,,,
MAPK3,4,0.0033,3,1,0,16,,,,,,,,,,,,,
TRAF2,4,0.0033,3,0,1,9,,,,,,,,,,,,,
ZRSR2,3,0.0025,3,0,0,X,,,,,,,,,,,,,
CALR,3,0.0025,3,0,0,19,,,,,,,,,,,,,
EIF4E,3,0.0025,3,0,0,4,,,,,,,,,,,,,
H3C3,3,0.0025,2,1,0,6,,,,,,,,,,,,,
H3C7,3,0.0025,1,1,1,6,,,,,,,,,,,,,
BCL10,2,0.0016,2,0,0,1,,,,,,,,,,,,,
H3-3A,2,0.0016,0,2,0,1,,,,,,,,,,,,,
MAP3K14,2,0.0016,0,2,0,17,,,,,,,,,,,,,
RAB35,2,0.0016,1,1,0,12,,,,,,,,,,,,,
PPP6C,1,0.0008,1,0,0,9,,,,,,,,,,,,,
