,n_pos,prevalence_rate,n_mut,n_amp,n_dele,chrom,burden,burden+locus,logistic,logistic+clinical,mlp,prevalence
NFKBIA,44,0.0362,9,39,0,14,0.8457,0.9468,0.9296,0.9337,0.8736,0.5000
MGA,30,0.0247,52,0,1,15,0.6841,0.6841,0.6249,0.6177,0.5912,0.5000
GLI1,26,0.0214,34,20,0,12,0.8377,0.9143,0.8821,0.8944,0.7846,0.5000
CEBPA,17,0.0140,7,17,0,19,0.8982,0.9512,0.9454,0.9501,0.8678,0.5000
RAD21,15,0.0123,6,13,0,8,0.8679,0.8944,0.9033,0.8943,0.9056,0.5000
EIF4A2,14,0.0115,12,9,3,3,0.8253,0.8383,0.8809,0.8871,0.9103,0.5000
ZFHX3,14,0.0115,65,1,2,16,0.8469,0.8469,0.7651,0.7675,0.6813,0.5000
ELOC,13,0.0107,0,13,0,8,0.8559,0.8900,0.9459,0.9434,0.8858,0.5000
EPHA7,13,0.0107,55,0,8,6,0.8114,0.8126,0.8355,0.8305,0.6836,0.5000
VEGFA,8,0.0066,3,8,0,6,,,,,,
HLA-A,8,0.0066,11,1,1,6,,,,,,
INHBA,8,0.0066,34,5,0,7,,,,,,
PGR,7,0.0058,29,1,0,11,,,,,,
FYN,7,0.0058,9,1,5,6,,,,,,
MST1R,6,0.0049,23,0,1,3,,,,,,
NUP93,6,0.0049,16,0,1,16,,,,,,
POLD1,6,0.0049,16,1,2,19,,,,,,
BIRC3,5,0.0041,9,3,0,11,,,,,,
H3C13,5,0.0041,0,5,0,1,,,,,,
H3C14,5,0.0041,0,5,0,,,,,,,
PPM1D,5,0.0041,11,0,0,17,,,,,,
NEGR1,5,0.0041,16,0,3,1,,,,,,
CXCR4,5,0.0041,4,0,5,2,,,,,,
RHEB,4,0.0033,5,3,0,7,,,,,,
NCOA3,4,0.0033,6,2,1,20,,,,,,
STAT3,4,0.0033,8,1,0,17,,,,,,
GPS2,4,0.0033,8,0,0,17,,,,,,
MALT1,4,0.0033,11,0,3,18,,,,,,
SRSF2,3,0.0025,9,0,0,17,,,,,,
CD79A,3,0.0025,2,2,1,19,,,,,,
STAT5B,3,0.0025,10,1,0,17,,,,,,
STAT5A,3,0.0025,8,1,0,17,,,,,,
ERRFI1,3,0.0025,9,0,0,1,,,,,,
H3C4,3,0.0025,3,1,1,6,,,,,,
H3C11,3,0.0025,3,0,2,6,,,,,,
H3C8,3,0.0025,8,1,2,6,,,,,,
H3C12,3,0.0025,6,0,2,6,,,,,,
ID3,3,0.0025,4,0,3,1,,,,,,
TRAF2,2,0.0016,3,0,1,9,,,,,,
CENPA,2,0.0016,4,0,1,2,,,,,,
ANKRD11,2,0.0016,15,0,2,16,,,,,,
XRCC2,2,0.0016,5,2,0,7,,,,,,
MAP3K14,2,0.0016,0,2,0,17,,,,,,
RAB35,2,0.0016,1,1,0,12,,,,,,
SH2B3,2,0.0016,6,1,1,12,,,,,,
H3-3B,2,0.0016,4,0,0,17,,,,,,
H3-3A,2,0.0016,0,2,0,1,,,,,,
H3C6,2,0.0016,4,1,1,6,,,,,,
CSF3R,2,0.0016,12,1,0,1,,,,,,
H3-4,2,0.0016,4,2,0,1,,,,,,
H3C10,2,0.0016,4,0,2,6,,,,,,
H3C7,2,0.0016,1,1,1,6,,,,,,
H3C1,1,0.0008,6,1,0,6,,,,,,
ZRSR2,1,0.0008,3,0,0,X,,,,,,
TCF3,1,0.0008,15,0,0,19,,,,,,
MAPK3,1,0.0008,3,1,0,16,,,,,,
INHA,1,0.0008,14,0,0,2,,,,,,
FOXO1,1,0.0008,14,0,1,13,,,,,,
DNAJB1,1,0.0008,6,0,0,19,,,,,,
H3C3,1,0.0008,2,1,0,6,,,,,,
HOXB13,1,0.0008,10,0,0,17,,,,,,
PLCG2,1,0.0008,19,0,0,16,,,,,,
CALR,0,0.0000,3,0,0,19,,,,,,
ACVR1,0,0.0000,7,0,0,2,,,,,,
BCL10,0,0.0000,2,0,0,1,,,,,,
EIF4E,0,0.0000,3,0,0,4,,,,,,
MST1,0,0.0000,7,0,0,3,,,,,,
PPP6C,0,0.0000,1,0,0,9,,,,,,
TCF7L2,0,0.0000,8,0,0,10,,,,,,
